id,type,month,date,year
1,Volunteered,9,26,17
2,Volunteered,10,18,17
3,Volunteered,10,18,17
4,Drafted,10,29,17
5,Volunteered,9,24,17
6,Volunteered,2,18,18
7,Volunteered,12,10,17
8,Volunteered,10,24,17
9,Drafted,12,18,17
10,Drafted,4,2,18
11,Drafted,12,11,17
12,Drafted,11,30,17
13,Drafted,2,25,18
14,Drafted,11,30,17
15,Drafted,1,22,18
16,Drafted,11,30,17
17,Drafted,12,14,17
18,Drafted,12,22,17
19,Volunteered,12,14,17
20,Drafted,3,29,18
21,Drafted,12,18,17
22,Drafted,2,23,18
23,Regular Army,8,26,17
24,Drafted,4,29,18
25,Draft evader apprehended and delivered to military authority at Camp Lee 12/21/17,12,21,17
26,Drafted,12,24,17
27,Drafted,3,27,18
28,Drafted--Apprehended by Civil Authorities,3,29,18
29,Drafted,4,1,18
30,Volunteered,12,30,17
31,Drafted,3,30,18
32,Drafted,3,29,18
33,Drafted,3,30,18
34,Drafted,4,1,18
35,Drafted,4,2,18
36,Drafted,3,29,18
37,Drafted,4,2,18
38,Drafted,3,29,18
39,Drafted,3,30,18
40,Drafted,3,30,18
41,Drafted,3,29,18
42,Drafted,3,29,18
43,Drafted,3,29,18
44,Drafted,3,31,18
45,Drafted,3,28,18
46,Drafted,3,29,18
47,Drafted,4,1,18
48,Drafted,3,30,18
49,Drafted,3,29,18
50,Drafted,4,1,18
51,Drafted,4,2,18
52,Drafted,4,2,18
53,Drafted,3,31,18
54,Drafted,3,31,18
55,Drafted,3,29,18
56,Drafted,3,30,18
57,Drafted,3,31,18
58,Drafted,3,30,18
59,Drafted,3,30,18
60,Drafted,3,29,18
61,Drafted,3,29,18
62,Drafted,3,28,18
63,Drafted,3,29,18
64,Drafted,3,28,18
65,Drafted,3,28,18
66,Drafted,3,30,18
67,Drafted,3,29,18
68,Drafted,3,29,18
69,Drafted,3,30,18
70,Drafted,3,30,18
71,Drafted,3,29,18
72,Drafted,3,29,18
73,Drafted,3,30,18
74,Drafted,4,5,18
75,Drafted,3,29,18
76,Drafted,4,2,18
77,Drafted,4,2,18
78,Drafted,3,30,18
79,Drafted,3,27,18
80,Drafted,3,31,18
81,Drafted,4,2,18
82,Drafted,3,29,18
83,Drafted,3,27,18
84,Drafted,3,29,18
85,Drafted,3,29,18
86,Drafted,3,29,18
87,Drafted,3,29,18
88,Drafted,3,29,18
89,Drafted,3,29,18
90,Drafted,3,29,18
91,Drafted,3,29,18
92,Drafted,3,29,18
93,Drafted,3,29,18
94,Drafted,3,29,18
95,Drafted,3,29,18
96,Drafted,3,29,18
97,Drafted,3,30,18
98,Drafted,3,31,18
99,Drafted,3,31,18
100,Drafted,4,1,18
101,Drafted,4,1,18
102,Drafted,4,1,18
103,Drafted,4,1,18
104,Drafted,4,1,18
105,Drafted,4,1,18
106,Drafted,4,1,18
107,Drafted,4,1,18
108,Drafted,4,1,18
109,Drafted,4,2,18
110,Drafted,4,2,18
111,Drafted,4,2,18
112,Drafted,4,2,18
113,Drafted,4,2,18
114,Drafted,3,31,18
115,Drafted,3,30,18
116,Drafted,4,2,18
117,Drafted,4,1,18
118,Drafted,4,2,18
119,Drafted,3,30,18
120,Drafted,3,29,18
121,Drafted,3,29,18
122,Drafted,3,31,18
123,Drafted,4,2,18
124,Drafted,3,30,18
125,Drafted,3,30,18
126,Drafted,3,27,18
127,Drafted,3,29,18
128,Drafted,3,29,18
129,Drafted,3,29,18
130,Drafted,3,29,18
131,Drafted,3,29,18
132,Drafted,3,29,18
133,Drafted,3,30,18
134,Drafted,3,30,18
135,Drafted,3,30,18
136,Drafted,4,1,18
137,Drafted,4,2,18
138,Drafted,4,2,18
139,Drafted,3,29,18
140,Drafted,3,28,18
141,Drafted,3,29,18
142,Drafted,3,30,18
143,Drafted,3,30,18
144,Drafted,3,29,18
145,Drafted,4,1,18
146,Drafted,4,2,18
147,Drafted,4,1,18
148,Drafted,4,2,18
149,Drafted,3,27,18
150,Drafted,3,28,18
151,Drafted,3,29,18
152,Drafted,3,29,18
153,Drafted,3,30,18
154,Drafted,4,25,18
155,Drafted,3,30,18
156,Volunteered,5,18,18
157,Drafted,4,20,18
158,Drafted,5,2,18
159,Drafted,4,2,18
160,Drafted,4,14,18
161,Drafted,3,31,18
162,Drafted,5,9,18
163,Drafted,4,27,18
164,Drafted,4,9,18
165,Drafted,4,2,18
166,Drafted,4,27,18
167,Drafted,4,2,18
168,Drafted,4,1,18
169,Drafted,4,27,18
170,Drafted,3,31,18
171,Drafted,3,30,18
172,Drafted,3,30,18
173,Drafted,3,30,18
174,Drafted,4,27,18
175,Drafted,4,27,18
176,Drafted,4,27,18
177,Drafted,4,27,18
178,Drafted,3,29,18
179,Drafted,4,1,18
180,Drafted,3,30,18
181,Drafted,4,27,18
182,Drafted,3,29,18
183,Drafted,4,25,18
184,Drafted,4,25,18
185,Drafted,3,29,18
186,Drafted,3,29,18
187,Drafted,4,13,18
188,Drafted,4,26,18
189,Drafted,4,1,18
190,Drafted,3,29,18
191,Drafted,4,30,18
192,Volunteered,10,15,17
193,Drafted,4,1,18
194,Drafted,4,27,18
195,Drafted,3,30,18
196,Drafted,3,30,18
197,Drafted,4,27,18
198,Drafted,3,31,18
199,Drafted,3,28,18
200,Drafted,4,2,18
201,Drafted,3,29,18
202,Drafted,4,2,18
203,Drafted,4,25,18
204,Drafted,4,27,18
205,Drafted,3,27,18
206,Drafted,3,29,18
207,Drafted,3,29,18
208,Drafted,3,29,18
209,Drafted,4,27,18
210,Drafted,3,27,18
211,Drafted,4,1,18
212,Drafted,4,2,18
213,Drafted,3,29,18
214,Drafted,4,2,18
215,Drafted,4,1,18
216,Drafted,3,28,18
217,Drafted,3,28,18
218,Drafted,3,28,18
219,Drafted,3,29,18
220,Drafted,3,30,18
221,Drafted,4,2,18
222,Drafted,4,25,18
223,Drafted,4,26,18
224,Drafted,4,26,18
225,Drafted,4,26,18
226,Drafted,4,26,18
227,Drafted,4,27,18
228,Drafted,4,27,18
229,Drafted,3,27,18
230,Drafted,3,28,18
231,Drafted,3,29,18
232,Drafted,3,29,18
233,Drafted,3,29,18
234,Drafted,3,29,18
235,Drafted,3,29,18
236,Drafted,3,29,18
237,Drafted,3,31,18
238,Drafted,3,31,18
239,Drafted,4,1,18
240,Drafted,4,2,18
241,Drafted,4,25,18
242,Drafted,4,26,18
243,Drafted,4,27,18
244,Drafted,4,2,18
245,Drafted,3,29,18
246,Volunteered,1,2,18
247,Drafted,4,26,18
248,Drafted,4,27,18
249,Drafted,4,27,18
250,Drafted,4,17,18
251,Drafted,4,26,18
252,Drafted,4,25,18
253,Drafted,4,27,18
254,Drafted,4,27,18
255,Drafted,4,26,18
256,Drafted,4,27,18
257,Drafted,4,29,18
258,Drafted,4,26,18
259,Drafted,4,26,18
260,Drafted,4,27,18
261,Drafted,4,27,18
262,Drafted,4,16,18
263,Drafted,4,10,18
264,Volunteered,10,15,17
265,Drafted,3,29,18
266,Drafted,3,13,18
267,Drafted,2,24,18
268,Volunteered,8,27,17
269,Drafted,4,30,18
270,Volunteered,11,28,17
271,Regular Army,7,24,17
272,Drafted,4,30,18
273,Drafted,2,13,18
274,Drafted,3,28,18
275,Drafted,3,29,18
276,Drafted,3,29,18
277,Drafted,4,27,18
278,Drafted,4,25,18
279,Drafted,4,27,18
280,Drafted,4,27,18
281,Drafted,4,25,18
282,Drafted,4,27,18
283,Drafted,4,2,18
284,Drafted,4,26,18
285,Drafted,4,27,18
286,Drafted,4,1,18
287,Drafted,3,30,18
288,Drafted,3,30,18
289,Drafted,4,1,18
290,Drafted,4,25,18
291,Drafted,4,27,18
292,Drafted,4,27,18
293,Drafted,4,2,18
294,Drafted,4,27,18
295,Drafted,4,2,18
296,Drafted,3,30,18
297,Drafted,4,27,18
298,Drafted,4,26,18
299,Drafted,4,27,18
300,Drafted,6,10,18
301,Drafted,4,26,18
302,Drafted,3,30,18
303,Drafted,4,25,18
304,Drafted,3,30,18
305,Drafted,3,30,18
306,Drafted,4,1,18
307,Drafted,4,20,18
308,Drafted,4,27,18
309,Drafted,4,27,18
310,Drafted,4,27,18
311,Drafted,4,25,18
312,Drafted,4,25,18
313,Drafted,4,25,18
314,Drafted,4,25,18
315,Drafted,4,27,18
316,Drafted,4,26,18
317,Drafted,4,29,18
318,Drafted,4,27,18
319,Drafted,6,13,18
320,Drafted,5,4,18
321,Drafted,6,4,18
322,Drafted,5,4,18
323,Drafted,5,9,18
324,Drafted,5,18,18
325,Drafted,6,14,18
326,Drafted,6,17,18
327,Drafted,4,29,18
328,Drafted,3,28,18
329,Drafted,7,15,18
330,Drafted,4,29,18
331,Drafted,4,29,18
332,Drafted,4,29,18
333,Drafted,4,29,18
334,Drafted,4,25,18
335,Drafted,4,29,18
336,Drafted,4,30,18
337,Drafted,4,30,18
338,Drafted,4,30,18
339,Drafted,4,2,18
340,Drafted,4,29,18
341,Drafted,4,30,18
342,Drafted,4,29,18
343,Drafted,4,29,18
344,Drafted,4,29,18
345,Drafted,4,30,18
346,Drafted,4,30,18
347,Drafted,4,30,18
348,Drafted,4,30,18
349,Volunteered,9,19,17
350,Drafted,4,29,18
351,Drafted,4,29,18
352,Drafted,4,29,18
353,Drafted,4,29,18
354,Drafted,4,29,18
355,Drafted,4,30,18
356,Drafted,4,17,18
357,Drafted,4,29,18
358,Drafted,4,29,18
359,Drafted,4,29,18
360,Drafted,4,29,18
361,Drafted,4,29,18
362,Drafted,4,30,18
363,Drafted,4,30,18
364,Drafted,4,30,18
365,Drafted,4,19,18
366,Drafted,7,18,18
367,Drafted,7,16,18
368,Drafted,4,29,18
369,Drafted,4,25,18
370,Drafted,5,1,18
371,Drafted,8,22,18
372,Drafted,4,29,18
373,Drafted,4,2,18
374,Drafted,6,22,18
375,Drafted,6,18,18
376,Drafted,7,18,18
377,Drafted,7,18,18
378,Drafted,4,30,18
379,Drafted,5,3,18
380,Drafted,7,17,18
381,Drafted,7,16,18
382,Drafted,7,17,18
383,Drafted,6,19,18
384,Drafted,4,27,18
385,Drafted,7,17,18
386,Drafted,7,17,18
387,Drafted,6,21,18
388,Drafted,6,20,18
389,Drafted,4,30,18
390,Drafted,7,18,18
391,Drafted,6,20,18
392,Drafted,6,21,18
393,Drafted,6,22,18
394,Drafted,7,17,18
395,Drafted,7,15,18
396,Drafted,7,16,18
397,Drafted,7,17,18
398,Drafted,7,17,18
399,Drafted,7,16,18
400,Drafted,7,29,18
401,Drafted,7,16,18
402,Drafted,7,6,18
403,Drafted,4,29,18
404,Drafted,4,29,18
405,Drafted,6,20,18
406,Drafted,6,20,18
407,Drafted,6,20,18
408,Drafted,6,18,18
409,Drafted,6,20,18
410,Drafted,6,20,18
411,Drafted,6,20,18
412,Drafted,6,21,18
413,Drafted,6,21,18
414,Drafted,4,29,18
415,Drafted,7,16,18
416,Drafted,7,17,18
417,Drafted,4,26,18
418,Drafted,6,22,18
419,Drafted,6,21,18
420,Drafted,6,27,18
421,Drafted,7,15,18
422,Drafted,7,21,18
423,Drafted,7,31,18
424,Drafted,7,18,18
425,Drafted,7,19,18
426,Drafted,7,19,18
427,Drafted,8,6,18
428,Drafted,7,17,18
429,Drafted,5,2,18
430,Drafted,7,15,18
431,Drafted,7,18,18
432,Drafted,4,27,18
433,Drafted,7,16,18
434,Drafted,7,15,18
435,Drafted,7,17,18
436,Drafted,7,17,18
437,Drafted,7,17,18
438,Drafted,7,15,18
439,Drafted,7,16,18
440,Drafted,7,16,18
441,Drafted,7,17,18
442,Drafted,6,20,18
443,Drafted,7,18,18
444,Drafted,3,28,18
445,Drafted,3,29,18
446,Drafted,4,27,18
447,Drafted,4,27,18
448,Drafted,4,27,18
449,Drafted,4,30,18
450,Drafted,7,19,18
451,Drafted,7,19,18
452,Drafted,6,12,18
453,Drafted,7,15,18
454,Drafted,7,18,18
455,Drafted,7,19,18
456,Drafted,7,27,18
457,Drafted,7,17,18
458,Drafted,7,18,18
459,Drafted,7,15,18
460,Drafted,6,19,18
461,Drafted,7,17,18
462,Drafted,7,18,18
463,Drafted,7,18,18
464,Drafted,7,18,18
465,Drafted,7,18,18
466,Drafted,7,18,18
467,Drafted,7,18,18
468,Drafted,7,19,18
469,Drafted,4,30,18
470,Drafted,7,18,18
471,Drafted,7,17,18
472,Drafted,7,18,18
473,Drafted,7,18,18
474,Drafted,7,18,18
475,Drafted,7,18,18
476,Drafted,7,19,18
477,Drafted,7,18,18
478,Drafted,7,18,18
479,Drafted,7,19,18
480,Drafted,7,15,18
481,Drafted,7,19,18
482,Drafted,7,17,18
483,Drafted,7,18,18
484,Drafted,7,15,18
485,Drafted,7,17,18
486,Drafted,7,18,18
487,Drafted,7,19,18
488,Drafted,7,19,18
489,Drafted,7,19,18
490,Drafted,7,15,18
491,Drafted,7,15,18
492,Drafted,7,15,18
493,Drafted,7,18,18
494,Drafted,7,18,18
495,Drafted,7,18,18
496,Drafted,7,18,18
497,Drafted,7,18,18
498,Drafted,7,18,18
499,Drafted,7,29,18
500,Drafted,6,19,18
501,Drafted,7,18,18
502,Drafted,8,4,18
503,Drafted,6,20,18
504,Drafted,7,15,18
505,Drafted,7,31,18
506,Regular Army,11,24,13
507,Drafted,4,29,18
508,Drafted,6,19,18
509,Drafted,6,19,18
510,Drafted,7,15,18
511,Drafted,6,21,18
512,Drafted,6,20,18
513,Drafted,7,17,18
514,Drafted,7,18,18
515,Volunteered,7,16,18
516,Drafted,8,2,18
517,Drafted,6,15,18
518,Drafted,6,20,18
519,Drafted,7,15,18
520,Drafted,7,17,18
521,Drafted,6,18,18
522,Drafted,8,1,18
523,Drafted,8,12,18
524,Drafted,6,21,18
525,Drafted,8,1,18
526,Drafted,6,21,18
527,Drafted,8,1,18
528,Drafted,8,2,18
529,Drafted,6,18,18
530,Drafted,6,18,18
531,Drafted,6,21,18
532,Drafted,6,22,18
533,Drafted,7,18,18
534,Drafted,6,20,18
535,Drafted,6,22,18
536,Drafted,6,21,18
537,Drafted,4,29,18
538,Drafted,6,18,18
539,Drafted,6,21,18
540,Drafted,6,19,18
541,Drafted,6,21,18
542,Drafted,6,21,18
543,Drafted,6,21,18
544,Drafted,6,25,18
545,Drafted,7,19,18
546,Drafted,7,18,18
547,Drafted,4,29,18
548,Drafted,4,29,18
549,Drafted,4,30,18
550,Drafted,8,2,18
551,Drafted,8,23,18
552,Drafted,4,29,18
553,Drafted,4,29,18
554,Drafted,4,30,18
555,Drafted,6,5,18
556,Drafted,8,2,18
557,Drafted,4,30,18
558,Drafted,4,30,18
559,Drafted,4,29,18
560,Drafted,5,8,18
561,Drafted,4,29,18
562,Drafted,4,30,18
563,Drafted,8,1,18
564,Drafted,8,16,18
565,Drafted,4,29,18
566,Drafted,4,29,18
567,Drafted,4,29,18
568,Drafted,4,29,18
569,Drafted,4,29,18
570,Drafted,4,30,18
571,Drafted,4,30,18
572,Drafted,4,30,18
573,Drafted,6,3,18
574,Drafted,5,22,18
575,Drafted,6,22,18
576,Drafted,4,29,18
577,Drafted,4,29,18
578,Drafted,4,29,18
579,Drafted,4,29,18
580,Drafted,4,30,18
581,Drafted,4,30,18
582,Drafted,4,30,18
583,Drafted,4,30,18
584,Drafted,8,2,18
585,Drafted,8,5,18
586,Drafted,6,6,18
587,Drafted,6,8,18
588,Drafted,4,29,18
589,Drafted,7,28,18
590,Drafted,7,18,18
591,Drafted,7,18,18
592,Drafted,7,18,18
593,Drafted,7,18,18
594,Drafted,7,18,18
595,Drafted,7,18,18
596,Drafted,7,18,18
597,Drafted,7,31,18
598,Drafted,8,22,18
599,Drafted,8,2,18
600,Drafted,8,3,18
601,Drafted,4,27,18
602,Drafted,8,2,18
603,Drafted,8,2,18
604,Drafted,7,18,18
605,Drafted,7,18,18
606,Drafted,7,18,18
607,Drafted,7,18,18
608,Drafted,7,19,18
609,Drafted,7,18,18
610,Drafted,7,18,18
611,Drafted,6,25,18
612,Drafted,9,12,18
613,Drafted,7,19,18
614,Drafted,8,21,18
615,Drafted,7,31,18
616,Drafted,7,25,18
617,Drafted,7,29,18
618,Drafted,7,29,18
619,Drafted,7,29,18
620,Drafted,7,29,18
621,Drafted,7,29,18
622,Drafted,7,30,18
623,Drafted,7,30,18
624,Drafted,7,31,18
625,Drafted,8,1,18
626,Drafted,8,1,18
627,Drafted,8,1,18
628,Drafted,8,1,18
629,Drafted,7,31,18
630,Drafted,7,31,18
631,Drafted,7,31,18
632,Drafted,8,1,18
633,Drafted,8,1,18
634,Drafted,8,1,18
635,Drafted,8,1,18
636,Drafted,8,1,18
637,Drafted,8,1,18
638,Drafted,8,1,18
639,Drafted,8,1,18
640,Drafted,8,1,18
641,Drafted,8,2,18
642,Drafted,8,7,18
643,Drafted,7,29,18
644,Drafted,7,30,18
645,Drafted,8,1,18
646,Drafted,8,1,18
647,Drafted,8,1,18
648,Drafted,8,1,18
649,Drafted,8,1,18
650,Drafted,8,2,18
651,Drafted,8,2,18
652,Drafted,8,3,18
653,Drafted,8,5,18
654,Drafted,8,2,18
655,Drafted,7,20,18
656,Drafted,7,20,18
657,Drafted,7,28,18
658,Drafted,7,28,18
659,Drafted,7,28,18
660,Drafted,7,29,18
661,Drafted,7,29,18
662,Drafted,7,29,18
663,Drafted,7,30,18
664,Drafted,7,30,18
665,Drafted,7,30,18
666,Drafted,8,2,18
667,Drafted,7,1,18
668,Drafted,8,3,18
669,Drafted,8,1,18
670,Drafted,7,28,18
671,Drafted,7,29,18
672,Drafted,7,29,18
673,Drafted,8,2,18
674,Drafted,7,31,18
675,Drafted,8,2,18
676,Drafted,8,1,18
677,Drafted,8,2,18
678,Drafted,8,1,18
679,Drafted,8,1,18
680,Drafted,8,3,18
681,Drafted,6,29,18
682,Drafted,7,27,18
683,Drafted,7,11,18
684,Drafted,6,30,18
685,Drafted,7,31,18
686,Drafted,6,29,18
687,Drafted,6,29,18
688,Drafted,6,29,18
689,Drafted,7,28,18
690,Drafted,8,21,18
691,Drafted,8,28,18
692,Drafted,8,22,18
693,Drafted,8,22,18
694,Drafted,8,24,18
695,Drafted,7,11,18
696,Drafted,9,1,18
697,Drafted,4,29,18
698,Drafted,8,22,18
699,Drafted,8,23,18
700,Drafted,8,3,18
701,Drafted,6,18,18
702,Drafted,6,4,18
703,Drafted,9,1,18
704,Drafted,9,1,18
705,Drafted,6,21,18
706,Drafted,8,1,18
707,Drafted,8,17,18
708,Drafted,7,27,18
709,Drafted,6,24,18
710,Drafted,7,29,18
711,Drafted,7,28,18
712,Drafted,7,29,18
713,Drafted,7,18,18
714,Drafted,6,30,18
715,Drafted,8,22,18
716,Drafted,7,8,18
717,Drafted,8,23,18
718,Drafted,8,24,18
719,Drafted,8,22,18
720,Drafted,7,27,18
721,Drafted,7,28,18
722,Drafted,7,29,18
723,Drafted,8,3,18
724,Drafted,8,24,18
725,Drafted,8,22,18
726,Drafted,8,22,18
727,Drafted,9,8,18
728,Drafted,9,17,18
729,Drafted,6,25,18
730,Drafted,6,21,18
731,Drafted,8,23,18
732,Drafted,7,15,18
733,Drafted,7,17,18
734,Drafted,7,17,18
735,Drafted,7,19,18
736,Drafted,4,20,18
737,Drafted,7,29,18
738,Drafted,7,31,18
739,Drafted,7,31,18
740,Drafted,7,31,18
741,Drafted,7,29,18
742,Drafted,9,10,18
743,Drafted,7,18,18
744,Drafted,7,29,18
745,Drafted,8,3,18
746,Drafted,8,3,18
747,Drafted,8,3,18
748,Drafted,8,3,18
749,Drafted,8,3,18
750,Drafted,8,3,18
751,Drafted,8,2,18
752,Drafted,7,31,18
753,Drafted,8,1,18
754,Drafted,8,2,18
755,Drafted,9,1,18
756,Drafted,8,23,18
757,Drafted,8,23,18
758,Drafted,8,23,18
759,Drafted,8,24,18
760,Drafted,8,21,18
761,Drafted,8,22,18
762,Drafted,8,22,18
763,Drafted,8,23,18
764,Drafted,8,24,18
765,Drafted,8,1,18
766,Drafted,8,31,18
767,Drafted,8,31,18
768,Drafted,8,1,18
769,Drafted,8,3,18
770,Drafted,8,1,18
771,Drafted,8,2,18
772,Drafted,8,5,18
773,Drafted,8,23,18
774,Drafted,8,28,18
775,Drafted,7,18,18
776,Drafted,3,31,18
777,Drafted,8,1,18
778,Drafted,8,21,18
779,Drafted,7,30,18
780,Drafted,8,3,18
781,Drafted,8,14,18
782,Drafted,7,28,18
783,Drafted,8,22,18
784,Drafted,8,1,18
785,Drafted,8,23,18
786,Drafted,8,30,18
787,Drafted,9,11,18
788,Drafted,9,16,18
789,Drafted,8,5,18
790,Drafted,8,2,18
791,Drafted,7,29,18
792,Drafted,7,30,18
793,Drafted,9,1,18
794,Drafted,8,2,18
795,Drafted,8,2,18
796,Drafted,8,2,18
797,Drafted,8,24,18
798,Drafted,7,29,18
799,Drafted,8,23,18
800,Drafted,8,21,18
801,Drafted,8,31,18
802,Drafted,7,30,18
803,Drafted,7,18,18
804,Drafted,7,29,18
805,Drafted,9,1,18
806,Drafted,8,24,18
807,Drafted,8,19,18
808,Drafted,3,29,18
809,Drafted,3,29,18
810,Drafted,4,1,18
811,Volunteered,10,13,17
812,Drafted,8,4,18
813,Drafted,7,15,18
814,Drafted,7,16,18
815,Drafted,10,30,17
816,Drafted,7,17,18
817,Drafted,7,18,18
818,Drafted,7,3,18
819,Drafted,5,4,18
820,Drafted,4,26,18
821,Drafted,8,23,18
822,Drafted,7,31,18
823,Volunteered,3,28,17
824,Drafted,6,19,18
825,Volunteered,3,6,18
826,Drafted,6,16,18
827,Drafted,4,25,18
828,Drafted,7,31,18
829,Drafted,4,29,18
830,Drafted,4,25,18
831,Drafted,4,27,18
832,Drafted,7,31,18
833,Drafted,7,16,18
834,Drafted,4,26,18
835,Drafted,7,18,18
836,Drafted,4,2,18
837,Drafted,7,19,18
838,Drafted,7,18,18
839,Drafted,7,18,18
840,Drafted,8,31,18
841,Drafted,4,10,18
842,Drafted,5,25,18
843,Drafted,8,2,18
844,Drafted,7,17,18
845,Drafted,6,18,18
846,Drafted,7,27,18
847,Drafted,6,21,18
848,Drafted,8,3,18
849,Drafted,6,21,18
850,Drafted,7,16,18
851,Drafted,3,28,18
852,Drafted,4,1,18
853,Drafted,4,1,18
854,Drafted,3,31,18
855,Drafted,4,27,18
856,Drafted,3,30,18
857,Drafted,3,30,18
858,Drafted,4,15,18
859,Drafted,4,25,18
860,Drafted,8,2,18
861,Drafted,4,27,18
862,Drafted,4,27,18
863,Drafted,4,27,18
864,Drafted,4,27,18
865,Drafted,3,29,18
866,Drafted,4,1,18
867,Drafted,4,22,18
868,Drafted,4,27,18
869,Drafted,4,27,18
870,Drafted,4,27,18
871,Drafted,4,6,18
872,Drafted,4,2,18
873,Drafted,4,2,18
874,Drafted,3,29,18
875,Drafted,4,1,18
876,Drafted,8,14,18
877,Drafted,8,5,18
878,Drafted,8,22,18
879,Drafted,8,22,18
880,Drafted,7,30,18
881,Drafted,7,8,18
882,Drafted,4,23,18
883,Drafted,8,3,18
884,Drafted,7,17,18
885,Drafted,6,21,18
886,Regular Army,2,8,15
887,Drafted,5,31,18
888,Drafted,5,17,18
889,Drafted,5,2,18
890,Drafted,4,27,18
891,Drafted,4,27,18
892,Drafted,6,20,18
893,Drafted,3,30,18
894,Volunteered,11,9,17
895,Drafted,8,2,18
896,Drafted,8,24,18
897,Drafted,7,11,18
898,Drafted,7,17,18
899,Drafted,9,6,18
900,Volunteered,NA,NA,NA
901,Volunteered,10,30,17
902,Drafted,5,12,18
903,Drafted,6,21,18
904,Drafted,12,22,17
905,Drafted,4,27,18
906,Drafted,4,29,18
907,Drafted,4,27,18
908,Drafted,3,31,18
909,Drafted,4,27,18
910,Drafted,5,2,18
911,Drafted,5,2,18
912,Drafted,7,30,18
913,Drafted,7,30,18
914,Drafted,8,1,18
915,Drafted,7,29,18
916,Drafted,4,16,18
917,Drafted,8,2,18
918,Drafted,8,5,18
919,Drafted,7,30,18
920,Drafted,8,22,18
921,Drafted,8,22,18
922,Drafted,7,30,18
923,Drafted,7,31,18
924,Drafted,8,3,18
925,Drafted,8,3,18
926,Drafted,8,21,18
927,Drafted,8,21,18
928,Drafted,8,24,18
929,Drafted,8,24,18
930,Drafted,7,28,18
931,Drafted,7,29,18
932,Drafted,8,24,18
933,Drafted,8,23,18
934,Regular Army,8,23,15
935,Drafted,8,21,18
936,Drafted,8,22,18
937,Drafted,7,22,18
938,Drafted,8,21,18
939,Drafted,8,23,18
940,Drafted,8,23,18
941,Drafted,7,18,18
942,Drafted,8,21,18
943,Drafted,5,29,18
944,Drafted,6,28,18
945,Drafted,7,16,18
946,Drafted,6,19,18
947,Drafted,6,18,18
948,Drafted,6,21,18
949,Drafted,6,20,18
950,Drafted,6,25,18
951,Drafted,7,19,18
952,Drafted,7,16,18
953,Drafted,4,27,18
954,Volunteered,12,1,17
955,Drafted,7,16,18
956,Drafted,4,25,18
957,Drafted,7,19,18
958,Drafted,7,19,18
959,Drafted,7,15,18
960,Drafted,7,18,18
961,Drafted,7,18,18
962,Drafted,7,18,18
963,Drafted,7,17,18
964,Drafted,7,18,18
965,Drafted,7,31,18
966,Drafted,7,17,18
967,Drafted,7,18,18
968,Drafted,7,28,18
969,Drafted,10,7,18
970,Drafted,6,19,18
971,Drafted,6,21,18
972,Drafted,4,30,18
973,Drafted,4,29,18
974,Drafted,4,20,18
975,Drafted,6,13,18
976,Drafted,4,29,18
977,Drafted,4,29,18
978,Drafted,4,30,18
979,Drafted,4,30,18
980,Drafted,8,23,18
981,Drafted,8,23,18
982,Drafted,7,31,18
983,Drafted,8,21,18
984,Drafted,8,30,18
985,Drafted,8,23,18
986,Drafted,8,21,18
987,Drafted,8,24,18
988,Drafted,6,20,18
989,Drafted,6,10,18
990,Drafted,7,31,18
991,Drafted,9,24,18
992,Drafted,7,29,18
993,Drafted,8,3,18
994,Drafted,8,22,18
995,Drafted,8,24,18
996,Drafted,9,22,18
997,Drafted,8,2,18
998,Drafted,8,3,18
999,Drafted,8,22,18
1000,Drafted,7,31,18
1001,Drafted,7,16,18
1002,Drafted,7,16,18
1003,Drafted,4,30,18
1004,Drafted,4,30,18
1005,Drafted,4,26,18
1006,Drafted,4,29,18
1007,Drafted,4,29,18
1008,Drafted,9,6,18
1009,Drafted,7,30,18
1010,Drafted,6,18,18
1011,Drafted,7,2,18
1012,Drafted,8,2,18
1013,Drafted,7,29,18
1014,Drafted,8,22,18
1015,Drafted,7,10,18
1016,Drafted,8,22,18
1017,Drafted,8,21,18
1018,Drafted,8,21,18
1019,Drafted,8,22,18
1020,Drafted,6,6,18
1021,Drafted,6,23,18
1022,Drafted,4,29,18
1023,Drafted,4,30,18
1024,Drafted,2,25,18
1025,Drafted,4,29,18
1026,Drafted,7,18,18
1027,Drafted,7,18,18
1028,Drafted,7,31,18
1029,Drafted,9,1,18
1030,Drafted,7,30,18
1031,Drafted,5,1,18
1032,Drafted,7,16,18
1033,Drafted,4,1,18
1034,Drafted,4,2,18
1035,Drafted,7,30,18
1036,Drafted,7,31,18
1037,Drafted,8,24,18
1038,Drafted,7,31,18
1039,Drafted,7,31,18
1040,Drafted,7,27,18
1041,Drafted,6,20,18
1042,Drafted,7,31,18
1043,Drafted,6,20,18
1044,Drafted,9,7,18
1045,Drafted,7,18,18
1046,Drafted,7,30,18
1047,Drafted,10,11,18
1048,Drafted,6,20,18
1049,Drafted,7,29,18
1050,Drafted,8,2,18
1051,Drafted,7,15,18
1052,Drafted,7,17,18
1053,Drafted,4,25,18
1054,Drafted,7,17,18
1055,Drafted,6,29,18
1056,Drafted,6,30,18
1057,Drafted,6,29,18
1058,Drafted,4,27,18
1059,Drafted,7,13,18
1060,Drafted,6,18,18
1061,Drafted,7,28,18
1062,Drafted,6,19,18
1063,Drafted,8,22,18
1064,Drafted,6,19,18
1065,Drafted,4,29,18
1066,Drafted,7,27,18
1067,Drafted,7,31,18
1068,Drafted,7,31,18
1069,Drafted,8,19,18
1070,Drafted,8,21,18
1071,Drafted,8,24,18
1072,Drafted,8,3,18
1073,Drafted,7,17,18
1074,Drafted,7,18,18
1075,Drafted,3,30,18
1076,Drafted,6,20,18
1077,Regular Army,3,12,14
1078,Drafted,3,30,18
1079,Drafted,7,17,18
1080,Drafted,3,22,18
1081,Drafted,8,2,18
1082,Drafted,6,24,18
1083,Drafted,7,18,18
1084,Drafted,7,18,18
1085,Drafted,7,30,18
1086,Drafted,7,17,18
1087,Drafted,NA,NA,NA
1088,Drafted,8,12,18
1089,Drafted,8,3,18
1090,Drafted,8,2,18
1091,Drafted,3,29,18
1092,Drafted,3,29,18
1093,Drafted,4,30,18
1094,Drafted,4,26,18
1095,Drafted,4,30,18
1096,Drafted,3,29,18
1097,Drafted,8,3,18
1098,Drafted,4,29,18
1099,Drafted,7,24,18
1100,Drafted,7,29,18
1101,Drafted,2,25,18
1102,Drafted,4,29,18
1103,Drafted,6,20,18
1104,Drafted,5,2,18
1105,Drafted,4,15,18
1106,Drafted,9,26,18
1107,Drafted,7,17,18
1108,Drafted,3,30,18
1109,Drafted,6,21,18
1110,Drafted,8,15,18
1111,Drafted,8,15,18
1112,Drafted,8,15,18
1113,Regular Army,8,11,13
1114,Regular Army,2,5,14
1115,Drafted,7,29,18
1116,Drafted,3,30,18
1117,Drafted,8,3,18
1118,Drafted,8,23,18
1119,Drafted,6,29,18
1120,Drafted,4,30,18
1121,Drafted,3,14,18
1122,Drafted,6,30,18
1123,Drafted,7,18,18
1124,Drafted,4,29,18
1125,Drafted,7,18,18
1126,Drafted,7,29,18
1127,Drafted,8,1,18
1128,Drafted,7,28,18
1129,Drafted,3,30,18
1130,Drafted,4,30,18
1131,Drafted,12,7,17
1132,Drafted,7,15,18
1133,Drafted,9,17,18
1134,Drafted,6,1,18
1135,Drafted,8,1,18
1136,Drafted,11,7,18
1137,Drafted,8,17,18
1138,Drafted,3,30,18
1139,Drafted,4,27,18
1140,Drafted,4,27,18
1141,Drafted,7,19,18
1142,Drafted,8,19,18
1143,Drafted,8,21,18
1144,Drafted,8,30,18
1145,Drafted,7,4,18
1146,Drafted,12,19,17
1147,Drafted,7,30,18
1148,Drafted,8,24,18
1149,Drafted,8,31,18
1150,Drafted,8,30,18
1151,Drafted,8,24,18
1152,Drafted,8,31,18
1153,Drafted,10,27,18
1154,Drafted,9,13,18
1155,Drafted,2,26,18
1156,Drafted,7,30,18
1157,Drafted,7,31,18
1158,Drafted,7,28,18
1159,Drafted,7,31,18
1160,Drafted,8,21,18
1161,Drafted,9,4,18
1162,Drafted,7,19,18
1163,Drafted,7,19,18
1164,Drafted,7,2,18
1165,Drafted,7,28,18
1166,Drafted,29-Jul-18,29-Jul-18,29-Jul-18
1167,Drafted,7,31,18
1168,Drafted,7,31,18
1169,Drafted,8,1,18
1170,Drafted,7,27,18
1171,Drafted,7,28,18
1172,Drafted,7,28,18
1173,Drafted,7,29,18
1174,Drafted,7,29,18
1175,Drafted,7,29,18
1176,Drafted,7,30,18
1177,Regular Army,6,30,15
1178,Drafted,6,20,18
1179,Regular Army,11,27,14
1180,Drafted,4,2,18
1181,Drafted,8,21,18
1182,Drafted,8,1,18
1183,Drafted,6,20,18
1184,Drafted,7,18,18
1185,Drafted,7,31,18
1186,Drafted,8,1,18
1187,Drafted,8,3,18
1188,Drafted,7,16,18
1189,Drafted,7,17,18
1190,Drafted,8,21,18
1191,Drafted,8,22,18
1192,Drafted,8,22,18
1193,Drafted,8,22,18
1194,Drafted,8,24,18
1195,Drafted,8,31,18
1196,Drafted,7,30,18
1197,Drafted,7,30,18
1198,Drafted,7,30,18
1199,Drafted,7,31,18
1200,Drafted,7,31,18
1201,Drafted,8,22,18
1202,Volunteered,11,17,17
1203,Drafted,7,17,18
1204,Drafted,7,19,18
1205,Drafted,5,26,18
1206,Drafted,7,31,18
1207,Drafted,8,2,18
1208,Drafted,7,31,18
1209,Drafted,8,22,18
1210,Drafted,8,23,18
1211,Drafted,8,22,18
1212,Drafted,8,24,18
1213,Drafted,7,17,18
1214,Drafted,7,31,18
1215,Drafted,8,1,18
1216,Drafted,8,2,18
1217,Drafted,8,3,18
1218,Drafted,8,3,18
1219,Drafted,8,23,18
1220,Drafted,8,23,18
1221,Drafted,7,17,18
1222,Drafted,8,22,18
1223,Drafted,8,22,18
1224,Drafted,8,23,18
1225,Drafted,8,23,18
1226,Drafted,8,23,18
1227,Drafted,8,24,18
1228,Drafted,8,19,18
1229,Drafted,8,20,18
1230,Drafted,8,21,18
1231,Drafted,8,22,18
1232,Drafted,8,22,18
1233,Drafted,8,22,18
1234,Drafted,8,22,18
1235,Drafted,8,22,18
1236,Drafted,8,22,18
1237,Drafted,8,22,18
1238,Regular Army,8,11,13
1239,Drafted,7,29,18
1240,Drafted,7,29,18
1241,Drafted,8,24,18
1242,Drafted,8,26,18
1243,Drafted,8,30,18
1244,Drafted,10,7,18
1245,Drafted,7,18,18
1246,Drafted,8,2,18
1247,Drafted,8,3,18
1248,Drafted,8,21,18
1249,Drafted,8,21,18
1250,Drafted,8,21,18
1251,Drafted,8,22,18
1252,Drafted,8,22,18
1253,Drafted,8,22,18
1254,Drafted,8,22,18
1255,Drafted,8,23,18
1256,Drafted,8,23,18
1257,Drafted,8,23,18
1258,Drafted,8,24,18
1259,Drafted,8,24,18
1260,Drafted,8,24,18
1261,Drafted,8,24,18
1262,Drafted,8,24,18
1263,Drafted,2,25,18
1264,Drafted,8,22,18
1265,Volunteered,10,19,17
1266,Drafted,7,29,18
1267,Drafted,12,4,17
1268,Drafted,8,21,18
1269,Drafted,8,21,18
1270,Drafted,8,21,18
1271,Drafted,8,21,18
1272,Drafted,8,21,18
1273,Drafted,8,21,18
1274,Drafted,8,21,18
1275,Drafted,8,22,18
1276,Drafted,8,23,18
1277,Drafted,8,24,18
1278,Drafted,8,3,18
1279,Drafted,8,22,18
1280,Drafted,9,2,18
1281,Drafted,7,29,18
1282,Drafted,7,28,18
1283,Drafted,7,29,18
1284,Drafted,8,22,18
1285,Drafted,7,27,18
1286,Drafted,8,1,18
1287,Drafted,8,22,18
1288,Drafted,8,31,18
1289,Drafted,9,2,18
1290,Drafted,7,26,18
1291,Drafted,8,21,18
1292,Drafted,8,22,18
1293,Drafted,8,22,18
1294,Volunteered,1,13,18
1295,Regular Army,11,30,14
1296,Drafted,4,26,18
1297,Drafted,7,15,18
1298,Drafted,7,15,18
1299,Drafted,7,16,18
1300,Drafted,7,16,18
1301,Drafted,7,17,18
1302,Drafted,7,17,18
1303,Drafted,7,15,18
1304,Drafted,7,16,18
1305,Drafted,7,16,18
1306,Drafted,7,16,18
1307,Drafted,7,17,18
1308,Drafted,7,17,18
1309,Drafted,7,18,18
1310,Drafted,7,18,18
1311,Drafted,8,29,18
1312,Drafted,9,26,18
1313,Drafted,6,25,18
1314,Drafted,7,16,18
1315,Drafted,7,17,18
1316,Drafted,7,18,18
1317,Drafted,7,18,18
1318,Drafted,7,19,18
1319,Drafted,10,17,18
1320,Drafted,11,3,18
1321,Drafted,4,13,18
1322,Drafted,4,16,18
1323,Drafted,6,19,18
1324,Drafted,6,24,18
1325,Drafted,6,27,18
1326,Drafted,7,12,18
1327,Drafted,7,31,18
1328,Drafted,8,10,18
1329,Drafted,8,22,18
1330,Drafted,8,22,18
1331,Drafted,8,30,18
1332,Drafted,8,30,18
1333,Drafted,8,31,18
1334,Drafted,8,31,18
1335,Drafted,9,1,18
1336,Drafted,9,1,18
1337,Drafted,9,1,18
1338,Drafted,9,1,18
1339,Drafted,9,5,18
1340,Drafted,9,10,18
1341,Drafted,9,11,18
1342,Drafted,9,16,18
1343,Drafted,9,26,18
1344,Drafted,9,27,18
1345,Drafted,9,27,18
1346,Drafted,10,18,18
1347,Drafted,5,31,18
1348,Drafted,8,1,18
1349,Drafted,8,26,18
1350,Drafted,8,30,18
1351,Drafted,9,1,18
1352,Drafted,9,1,18
1353,Drafted,9,25,18
1354,Drafted,4,25,18
1355,Drafted,4,29,18
1356,Drafted,4,29,18
1357,Drafted,4,29,18
1358,Drafted,4,29,18
1359,Drafted,4,29,18
1360,Drafted,4,30,18
1361,Drafted,4,30,18
1362,Drafted,4,30,18
1363,Drafted,4,30,18
1364,Drafted,4,30,18
1365,Drafted,5,23,18
1366,Drafted,5,28,18
1367,Drafted,6,12,18
1368,Drafted,6,20,18
1369,Drafted,7,2,18
1370,Drafted,8,12,18
1371,Drafted,8,14,18
1372,Drafted,8,15,18
1373,Drafted,3,14,18
1374,Drafted,5,26,18
1375,Drafted,5,27,18
1376,Drafted,5,29,18
1377,Drafted,6,21,18
1378,Drafted,8,17,18
1379,Drafted,10,5,18
1380,Drafted,6,18,18
1381,Drafted,6,20,18
1382,Drafted,6,20,18
1383,Drafted,6,21,18
1384,Drafted,6,21,18
1385,Drafted,6,21,18
1386,Drafted,6,21,18
1387,Drafted,3,29,18
1388,Drafted,3,29,18
1389,Drafted,3,29,18
1390,Drafted,3,29,18
1391,Drafted,3,29,18
1392,Drafted,3,30,18
1393,Drafted,3,30,18
1394,Drafted,3,31,18
1395,Drafted,4,2,18
1396,Drafted,4,2,18
1397,Drafted,4,25,18
1398,Drafted,4,25,18
1399,Drafted,4,26,18
1400,Drafted,4,26,18
1401,Drafted,4,27,18
1402,Drafted,4,27,18
1403,Drafted,4,27,18
1404,Drafted,4,27,18
1405,Drafted,4,27,18
1406,Drafted,4,27,18
1407,Drafted,4,27,18
1408,Drafted,4,1,18
1409,Drafted,4,27,18
1410,Drafted,4,27,18
1411,Drafted,8,1,18
1412,Drafted,8,21,18
1413,Drafted,8,21,18
1414,Drafted,8,22,18
1415,Drafted,8,24,18
1416,Drafted,5,2,18
1417,Drafted,7,18,18
1418,Drafted,12,12,17
1419,Drafted,4,29,18
1420,Drafted,5,13,18
1421,Drafted,5,1,18
1422,Drafted,8,1,18
1423,Drafted,8,24,18
1424,Drafted,8,22,18
1425,Drafted,5,1,18
1426,Drafted,5,31,18
1427,Drafted,8,1,18
1428,Drafted,5,2,18
1429,Drafted,6,2,18
1430,Volunteered,10,15,17
1431,Drafted,8,2,18
1432,Drafted,8,2,18
1433,Drafted,8,24,18
1434,Drafted,9,1,18
1435,Drafted,8,23,18
1436,Drafted,7,10,18
1437,Drafted,7,30,18
1438,Drafted,8,21,18
1439,Drafted,8,22,18
1440,Drafted,8,22,18
1441,Drafted,8,23,18
1442,Drafted,7,27,18
1443,Drafted,7,31,18
1444,Drafted,7,31,18
1445,Drafted,7,31,18
1446,Drafted,8,2,18
1447,Drafted,8,3,18
1448,Drafted,8,3,18
1449,Drafted,2,28,18
1450,Drafted,6,29,18
1451,Drafted,7,27,18
1452,Drafted,7,28,18
1453,Drafted,8,21,18
1454,Drafted,8,22,18
1455,Drafted,10,15,18
1456,Drafted,8,22,18
1457,Drafted,8,15,18
1458,Drafted,3,14,18
1459,Drafted,8,24,18
1460,Volunteered,1,26,18
1461,Drafted,6,29,18
1462,Drafted,8,22,18
1463,Drafted,8,22,18
1464,Drafted,3,7,18
1465,Drafted,8,22,18
1466,Drafted,7,27,18
1467,Drafted,8,22,18
1468,Drafted,7,3,18
1469,Drafted,7,31,18
1470,Drafted,8,22,18
1471,Drafted,8,22,18
1472,Drafted,4,3,18
1473,Drafted,8,3,18
1474,Drafted,8,21,18
1475,Drafted,10,22,18
1476,Drafted,10,29,18
1477,Volunteered,1,12,18
1478,Drafted,10,28,18
1479,Drafted,10,14,18
1480,Drafted,10,14,18
1481,Drafted,10,15,18
1482,Drafted,10,15,18
1483,Drafted,10,15,18
1484,Drafted,10,15,18
1485,Drafted,10,15,18
1486,Drafted,10,11,18
1487,Drafted,10,20,18
1488,Drafted,10,29,18
1489,Drafted,10,30,18
1490,Drafted,11,26,18
1491,Drafted,8,21,18
1492,Drafted,8,7,18
1493,Drafted,3,4,18
1494,Drafted,3,28,18
1495,Drafted,4,30,18
1496,Drafted,3,12,18
1497,Drafted,8,3,18
1498,Drafted,8,22,18
1499,Drafted,7,29,18
1500,Drafted,8,22,18
